Potentially Taxable Income,Fraction of TOC
0,0.0
8884,0.04442
9079,0.045395
9288,0.04644
9507,0.047535
9862,0.04931
9952,0.04976
10157,0.050785
10434,0.05217
10666,0.05333
10800,0.054
10821,0.054105
10821,0.054105
10844,0.05422
11034,0.05517
11219,0.056095
11351,0.056755
11413,0.057065
11655,0.058275
12555,0.062775
12555,0.062775
