Potentially Taxable Income,Fraction of TOC
0,0.0
50810,0.25405
50810,0.25405
50810,0.25405
50810,0.25405
50810,0.25405
50810,0.25405
50810,0.25405
50810,0.25405
50810,0.25405
60000,0.3
60000,0.3
60000,0.3
60000,0.3
60000,0.3
60000,0.3
60000,0.3
60000,0.3
60000,0.3
60000,0.3
60000,0.3
