Potentially Taxable Income,Fraction of TOC
0,0.0
16186,0.08093
16541,0.082705
16922,0.08461
17320,0.0866
17968,0.08984
18131,0.090655
18506,0.09253
19010,0.09505
73476,0.36738
74400,0.372
74544,0.37272
74544,0.37272
74706,0.37353
76008,0.38004
77286,0.38643
78192,0.39096
78624,0.39312
80292,0.40146
86490,0.43245
86490,0.43245
