Potentially Taxable Income,Fraction of TOC
0,0.0
13835,0.069175
13835,0.069175
13835,0.069175
13835,0.069175
13835,0.069175
13835,0.069175
13835,0.069175
9035,0.045175
9035,0.045175
9035,0.045175
9035,0.045175
9035,0.045175
9035,0.045175
9035,0.045175
9035,0.045175
9035,0.045175
9035,0.045175
9035,0.045175
9035,0.045175
9035,0.045175
