Potentially Taxable Income,Fraction of TOC
0,0.0
13316,0.044386667
13608,0.04536
13921,0.046403333
14248,0.047493333
14781,0.04927
14918,0.049726667
15225,0.05075
15640,0.052133333
15987,0.05329
16188,0.05396
16219,0.054063333
16219,0.054063333
16254,0.05418
16539,0.05513
16817,0.056056667
17013,0.05671
17107,0.057023333
17470,0.058233333
18818,0.062726667
18818,0.062726667
