Potentially Taxable Income,Fraction of TOC
0,0.0
8931,0.044655
9127,0.045635
9337,0.046685
9556,0.04778
9914,0.04957
10005,0.050025
10211,0.051055
10489,0.052445
10722,0.05361
10857,0.054285
10878,0.05439
10878,0.05439
10901,0.054505
11092,0.05546
11279,0.056395
11410,0.05705
11473,0.057365
11716,0.05858
12621,0.063105
12621,0.063105
