Potentially Taxable Income,Fraction of TOC
0,0.0
20353,0.101765
20800,0.104
21278,0.10639
21779,0.108895
22593,0.112965
22799,0.113995
23270,0.11635
23904,0.11952
24435,0.122175
13392,0.06696
13417,0.067085
13417,0.067085
13447,0.067235
13681,0.068405
13911,0.069555
14074,0.07037
14152,0.07076
14452,0.07226
15568,0.07784
15568,0.07784
