Potentially Taxable Income,Fraction of TOC
0,0.0
13351,0.044503333
13644,0.04548
13959,0.04653
14287,0.047623333
14821,0.049403333
14956,0.049853333
15265,0.050883333
15681,0.05227
16029,0.05343
16231,0.054103333
16262,0.054206667
16262,0.054206667
16298,0.054326667
16582,0.055273333
16861,0.056203333
17058,0.05686
17152,0.057173333
17516,0.058386667
18869,0.062896667
18869,0.062896667
