Potentially Taxable Income,Fraction of TOC
0,0.0
10614,0.05307
10614,0.05307
10614,0.05307
10614,0.05307
10614,0.05307
10614,0.05307
10614,0.05307
10614,0.05307
10614,0.05307
10614,0.05307
10614,0.05307
10614,0.05307
10614,0.05307
10614,0.05307
10614,0.05307
10614,0.05307
10614,0.05307
10614,0.05307
10614,0.05307
10614,0.05307
