Potentially Taxable Income,Fraction of TOC
0,0.0
10615,0.053075
10615,0.053075
10615,0.053075
10615,0.053075
10615,0.053075
10615,0.053075
10615,0.053075
10615,0.053075
10615,0.053075
10615,0.053075
10615,0.053075
10615,0.053075
10615,0.053075
10615,0.053075
10615,0.053075
10615,0.053075
10615,0.053075
10615,0.053075
10615,0.053075
10615,0.053075
